{"episodes": [200, 400, 600, 800, 1000, 1200, 1400, 1600, 1800, 2000, 2200, 2400, 2600, 2800, 3000, 3200, 3400, 3600, 3800, 4000, 4200, 4400, 4600, 4800, 5000, 5200, 5400, 5600, 5800, 6000, 6200, 6400, 6600, 6800, 7000, 7200, 7400, 7600, 7800, 8000, 8200, 8400, 8600, 8800, 9000, 9200, 9400, 9600, 9800, 10000, 10200, 10400, 10600, 10800, 11000, 11200, 11400, 11600, 11800, 12000, 12200, 12400, 12600, 12800, 13000, 13200, 13400, 13600, 13800, 14000, 14200, 14400, 14600, 14800, 15000, 15200, 15400, 15600, 15800, 16000, 16200, 16400, 16600, 16800, 17000, 17200, 17400, 17600, 17800, 18000, 18200, 18400, 18600, 18800, 19000, 19200, 19400, 19600, 19800, 20000], "rewards": [0.375, 0.475, 0.0, 0.07, 0.14, 1.04, 1.055, 1.69, 1.255, 1.165, 1.22, 1.405, 1.705, 0.855, 1.465, 0.965, 1.865, 1.485, 0.79, 1.69, 1.775, 1.715, 1.65, 2.35, 2.53, 2.695, 2.795, 3.395, 3.88, 3.89, 3.47, 4.04, 4.255, 3.77, 4.45, 3.915, 4.01, 3.99, 4.57, 3.58, 3.505, 3.82, 3.985, 4.265, 3.495, 4.05, 3.715, 3.985, 3.855, 3.905, 3.32, 3.51, 3.77, 3.525, 3.935, 3.82, 4.075, 3.99, 5.03, 5.7, 5.625, 4.79, 5.415, 5.32, 5.82, 6.105, 5.875, 6.085, 6.75, 6.795, 6.48, 6.335, 6.28, 6.54, 6.575, 5.995, 6.745, 6.125, 6.44, 6.395, 6.17, 6.325, 6.335, 6.125, 6.45, 6.82, 6.145, 6.305, 6.51, 6.22, 5.73, 6.26, 6.205, 5.45, 5.79, 5.84, 6.215, 5.94, 6.105, 5.97], "epsilons": [0.9390279290380964, 0.8816918375033326, 0.8280535233781489, 0.7778745058487194, 0.730931684447914, 0.687016347130369, 0.6459332423197859, 0.6074997108026994, 0.5715448736090321, 0.5379088722686817, 0.5064421580662511, 0.47700482713388365, 0.44946599842596663, 0.42370323181012093, 0.399601983687258, 0.37705509772033957, 0.35596232840757597, 0.33622989538182513, 0.31777006645456657, 0.3005007675506275, 0.28434521779939365, 0.2692315881600886, 0.25509268206333774, 0.24186563664912125, 0.22949164327279126, 0.21791568603649958, 0.20708629718352145, 0.19695532826793688, 0.1874777360822693, 0.1786113823912962, 0.17031684658163002, 0.16255725039409236, 0.1552980939596262, 0.14850710240974593, 0.1421540823795422, 0.13621078776524087, 0.13065079413946115, 0.12544938126581298, 0.12058342319048172, 0.11603128542213834, 0.11177272874302684, 0.10778881922356501, 0.10406184404037447, 0.10057523272346028, 0.09731348348239671, 0.09426209428396021, 0.0914074983747728, 0.08873700396228532, 0.08623873778591537, 0.08390159232745305, 0.08171517642602663, 0.079669769078058, 0.07775627621679837, 0.07596619027928184, 0.07429155238092826, 0.0727249169296198, 0.0712593185219226, 0.06988824097427063, 0.0686055883514222, 0.06740565786337838, 0.06628311451026098, 0.06523296736241883, 0.06425054737030148, 0.06333148660544097, 0.06247169884024548, 0.06166736138026038, 0.060914898068121726, 0.060210963383635976, 0.05955242756929354, 0.05893636271508271, 0.05836002974073599, 0.057820866217530575, 0.05731647497549766, 0.056844613445387104, 0.056403183688000964, 0.05599022306656541, 0.05560389552066946, 0.05524248340297368, 0.0549043798423942, 0.05458808159980803, 0.054292182384515456, 0.05401536660174388, 0.053756403503394064, 0.05351414171602239, 0.053287504121729945, 0.0530754830691986, 0.05287713589358176, 0.05269158072533092, 0.052517992569323546, 0.05235559963685989, 0.05220367991422037, 0.05206155795252703, 0.05192860186463652, 0.051804220515712464, 0.05168786089498636, 0.051579005657021455, 0.05147717082154801, 0.051381903621643056, 0.05129278049068757, 0.051209405179150826], "losses": [0, 0, 0, 0, 0.8823010670017857, 0.5456936007713327, 0.45566388491042353, 0.31520259380340576, 0.5700352787971497, 0.5581855773925781, 0.608772873878479, 0.39485079050064087, 0.5668585300445557, 0.5371928811073303, 0.4413674473762512, 0.4781724214553833, 0.5592813491821289, 0.5284395217895508, 0.6342769265174866, 0.6102867722511292, 0.7555419206619263, 0.5686332583427429, 0.6382372975349426, 0.7388812303543091, 0.5890695452690125, 0.5822411179542542, 0.5584901571273804, 0.64837646484375, 0.6444330811500549, 0.5894440412521362, 0.5209795236587524, 0.5836427807807922, 0.5098263025283813, 0.5679459571838379, 0.5884090662002563, 0.6999531984329224, 0.5682804584503174, 0.6444963216781616, 0.5822267532348633, 0.5571917295455933, 0.6049826145172119, 0.6245391368865967, 0.7309709787368774, 0.7473456859588623, 0.6517447233200073, 0.6483376026153564, 0.6185464859008789, 0.469367653131485, 0.6965575218200684, 0.7089322209358215, 0.523173451423645, 0.6740471124649048, 0.7546371221542358, 0.6041078567504883, 0.6497831344604492, 0.5652416348457336, 0.5453391671180725, 0.6712417602539062, 0.6270439624786377, 0.5388761162757874, 0.7335500717163086, 0.660965621471405, 0.5951082110404968, 0.474994421005249, 0.5857799053192139, 0.7020164728164673, 0.6456325054168701, 0.6993899345397949, 0.647528350353241, 0.5163233876228333, 0.6603018641471863, 0.630013108253479, 0.5734708309173584, 0.6382228136062622, 0.6344249844551086, 0.548113226890564, 0.5984206795692444, 0.640800952911377, 0.6697357892990112, 0.7061096429824829, 0.6516366004943848, 0.6645603179931641, 0.7307329177856445, 0.5935796499252319, 0.6212841272354126, 0.533260703086853, 0.3213377594947815, 0.6337876319885254, 0.5173429250717163, 0.5790106058120728, 0.4496690630912781, 0.5447639226913452, 0.5248095989227295, 0.589501142501831, 0.5217592120170593, 0.43690773844718933, 0.43912482261657715, 0.5165588855743408, 0.5684881806373596, 0.5214765071868896], "hit_rates": [8.0, 10.0, 6.5, 7.000000000000001, 7.5, 13.5, 13.5, 19.0, 14.499999999999998, 14.499999999999998, 13.5, 14.499999999999998, 17.5, 12.5, 14.499999999999998, 12.0, 18.0, 15.5, 11.5, 17.5, 18.0, 18.0, 15.5, 23.5, 26.5, 28.000000000000004, 27.0, 33.0, 38.5, 36.0, 33.0, 37.5, 40.0, 36.0, 43.0, 36.5, 36.0, 36.5, 43.0, 34.0, 32.5, 37.0, 37.0, 42.0, 32.0, 36.5, 34.0, 35.5, 35.0, 36.0, 31.5, 32.0, 34.5, 33.5, 36.0, 34.0, 38.5, 36.5, 45.0, 51.5, 51.5, 45.0, 50.0, 49.0, 51.5, 54.50000000000001, 52.0, 53.5, 60.5, 62.0, 57.49999999999999, 56.99999999999999, 56.49999999999999, 57.49999999999999, 58.5, 52.0, 61.0, 54.0, 56.99999999999999, 56.99999999999999, 54.0, 56.49999999999999, 56.99999999999999, 55.50000000000001, 57.49999999999999, 62.5, 55.00000000000001, 58.5, 60.5, 56.49999999999999, 51.5, 58.5, 57.99999999999999, 49.5, 54.50000000000001, 54.0, 58.5, 54.50000000000001, 56.00000000000001, 54.50000000000001]}